first_name,last_name,email,category,industry
Taylor,Jones,taylor.irene.jones@aol.com,Activity,Dairy
Alyssa,Campbell,alyssa.campbell@gmail.com,Automotive,Crafts
Amber,Cooper,amber_cooper@ymail.com,Beauty,Cosmetics
Alexandra,White,alexandraannewhite@ymail.com,Entertainment,Concrete
Justin,Phillips,justinphillips23@hotmail.com,Clothing,Consumer Electronics
Julian,Bennett,j_bennett@ymail.com,Clothing,Performing Arts
Sebastian,Anderson,shanderson@outlook.com,Beauty,Printing
Austin,Edwards,a_edwards@hotmail.com,Electronics,Journalism
John,King,jcking@outlook.com,Beauty,Building Materials
Melissa,Hayes,melissahayes@aol.com,Electronics,Journalism
Allison,Coleman,allison.coleman@live.com,Automotive,Internet
Joseph,Jackson,josephajackson@gmail.com,Activity,Ceramics
Alexander,Russell,alexander_russell@rocketmail.com,Home,Dairy
Oliver,Wood,oliver.wood@outlook.com,Pets,Health
Ashley,Cook,arcook47@yahoo.com,Entertainment,Film
Matthew,Jackson,matthew.jackson@hotmail.com,Activity,Journalism
Tiffany,Baker,t_baker47@ymail.com,Pets,Semiconductors
David,Flores,d.flores@hotmail.com,Home,Civil Engineering
Jonathan,Brooks,jonathanbrooks@outlook.com,Entertainment,Metals
Kyle,Ward,k.w.ward@outlook.com,Clothing,Consumer Electronics
Alexandra,Hernandez,alexandra@gmail.com,Home,Gambling
Nicole,Mitchell,nicole_mitchell@gmail.com,Health,Events Services
Isaac,Gonzales,i.gonzales33@gmail.com,Health,Web Design
Matthew,Wood,matthew.lee.wood@hotmail.com,Clothing,Design
Brandon,Hughes,brandon@hotmail.com,Home,Financial Services
Charles,Lee,charleslee@ymail.com,Beauty,Sports
Andrew,Lewis,alewis@live.com,Home,Industrial Engineering
Aaron,Miller,a_miller@aol.com,Home,Furniture
Allison,Perry,a_perry@gmail.com,Health,Consumer Electronics
Jack,Young,j.r.young@rocketmail.com,Beauty,Sales
Ethan,Sanders,ethan@ymail.com,Clothing,Translation
Maria,Long,maria.long@hotmail.com,Automotive,Medical Equipment
Jennifer,Jackson,j.a.jackson@yahoo.com,Activity,Motion Pictures
Elizabeth,Perry,e.m.perry@rocketmail.com,Clothing,Journalism
Ethan,Reed,e.j.reed@ymail.com,Activity,Sales
Charlotte,Evans,c.evans@ymail.com,Activity,Biotechnology
Alexander,Richardson,alexander_matthew_richardson@ymail.com,Activity,Civil Engineering
Sara,Simmons,sara.anne.simmons@aol.com,Home,Aerospace
Laura,Lopez,laura_lopez@yahoo.com,Home,Textiles
Samuel,Brown,s.brown@rocketmail.com,Entertainment,Movie Production
Richard,Wright,r_a_wright@rocketmail.com,Home,Logistics
Erin,Williams,erin_faith_williams@yahoo.com,Entertainment,Textiles
Theodore,Walker,theodore_walker@outlook.com,Health,Farming
Brittany,Bryant,b.f@ymail.com,Electronics,Biotechnology
Joseph,Phillips,joseph_phillips33@gmail.com,Home,Furniture
John,Gonzales,jgonzales@hotmail.com,Automotive,International Trade
Melissa,Ramirez,m_ramirez60@rocketmail.com,Home,E-Learning
Emily,Sanders,emily@hotmail.com,Automotive,Web Design
Tyler,Ward,t.ward52@hotmail.com,Entertainment,Consumer Services
Eleanor,Henderson,eleanor_lynn_henderson@live.com,Home,Movie Production
Alyssa,Gray,algray@yahoo.com,Activity,Apparel
Richard,Brooks,r.a@gmail.com,Clothing,Publishing
Audrey,Ross,audreydross@aol.com,Activity,Industrial Automation
Sara,Perry,sara_perry@outlook.com,Home,Beverages
James,Hernandez,james.hernandez96@live.com,Activity,Civil Engineering
Lauren,Scott,lauren_f_scott@hotmail.com,Beauty,Art
Kimberly,Bell,kimberly@aol.com,Entertainment,Sales
Dylan,Johnson,dylan_e_johnson@hotmail.com,Pets,Legal Services
Julian,Morris,j_morris@yahoo.com,Activity,Freight Delivery
Charlotte,Murphy,c.murphy@yahoo.com,Beauty,Industrial Automation
Audrey,Watson,a_watson@hotmail.com,Home,Computer Software
Michael,Murphy,mmmurphy@gmail.com,Pets,Public Relations
Sarah,Bennett,s.a@live.com,Beauty,Consumer Goods
Mateo,Collins,mjcollins16@aol.com,Pets,Glass
Alexis,Foster,alexis_renee_foster@ymail.com,Automotive,Luxury Goods
Abigail,Jenkins,amjenkins@live.com,Entertainment,Marketing
Grace,Davis,grace_davis@yahoo.com,Beauty,Freight Delivery
Tyler,Wright,t_wright@hotmail.com,Home,Sports
Michelle,Johnson,mjohnson@rocketmail.com,Home,Human Resources
Charles,Watson,charles_watson@yahoo.com,Clothing,Fishery
Jack,Robinson,jackarobinson@hotmail.com,Activity,Travel
Audrey,Adams,a.adams@live.com,Home,Metals
Sebastian,Diaz,s.j.diaz@live.com,Entertainment,Writing
Dylan,Rivera,dylan.rivera61@aol.com,Home,Packaging
Evelyn,Sanchez,emsanchez@outlook.com,Home,Environmental Services
Alexandra,Ramirez,alexandra_ramirez@yahoo.com,Activity,Professional Training
Brandon,James,b_j_james@hotmail.com,Health,Network Security
Laura,Diaz,lauramdiaz@live.com,Beauty,Transportation
Nicole,Williams,n_williams@yahoo.com,Clothing,Recruiting
Daniel,Bennett,d.m.bennett@hotmail.com,Activity,Logistics
Eric,Ross,eross@live.com,Beauty,Translation
Isabella,Barnes,ibarnes@live.com,Home,Maritime
Jason,Brooks,jason_brooks@ymail.com,Beauty,Veterinary
Stephen,Stewart,sgstewart67@rocketmail.com,Entertainment,Computer Games
Owen,Williams,o_j_williams@hotmail.com,Home,Food Production
Joshua,Campbell,ja74@outlook.com,Electronics,Leisure
Nicole,Howard,nicole.louise.howard@ymail.com,Home,Design
Brittany,Bailey,brittany.elizabeth.bailey@ymail.com,Beauty,Health
Anna,Phillips,anna.g.phillips@gmail.com,Activity,Film
Henry,Nelson,h.w.nelson@outlook.com,Activity,Building Materials
Brandon,Henderson,brandon@rocketmail.com,Home,E-Learning
Katherine,Turner,katherinej75@rocketmail.com,Health,Metals
Anthony,Morris,anthony_wayne_morris@outlook.com,Entertainment,Crafts
Rebecca,Gray,rebecca.l.gray@gmail.com,Automotive,Entertainment
Olivia,Anderson,olivia.anderson@yahoo.com,Entertainment,Telecommunications
Jonathan,Turner,j.turner56@live.com,Home,Recruiting
Owen,Brooks,owen_brooks@outlook.com,Entertainment,Private Equity
Kaitlyn,Taylor,kaitlyn_mae@yahoo.com,Clothing,Environmental Services
Brittany,Carter,brittany.lou.carter@hotmail.com,Home,E-Learning
Brittany,Gray,b_gray@yahoo.com,Home,Computer Software
Steven,Alexander,s_alexander53@live.com,Beauty,Architecture
Nathan,Torres,nrtorres@live.com,Beauty,Packaging
Amber,Harris,amberdharris@hotmail.com,Beauty,Wireless
Joshua,Edwards,joshua_a_edwards86@ymail.com,Entertainment,Computer Games
Heather,White,h.l.white@aol.com,Health,Utilities
John,Evans,john_james_evans@yahoo.com,Beauty,Leisure
Megan,Russell,megan@gmail.com,Clothing,Pharmaceuticals
Benjamin,Lee,benjaminlee@aol.com,Clothing,Education
Michael,Howard,michael@rocketmail.com,Beauty,Mining
Audrey,Griffin,a_griffin@gmail.com,Health,Performing Arts
Owen,Jenkins,o.e.jenkins@rocketmail.com,Beauty,Movie Production
Joseph,Edwards,joseph_e_edwards@rocketmail.com,Automotive,Information Services
Jeremy,Bell,jeremy@gmail.com,Clothing,Printing
Gabriel,Parker,gabriel.joseph.parker@aol.com,Beauty,Jewelry
Danielle,Edwards,danielle89@gmail.com,Activity,Management Consulting
Abigail,Watson,abigailwatson73@hotmail.com,Home,Computer Hardware
Victoria,Thompson,v_thompson@hotmail.com,Activity,Management Consulting
Oliver,Green,oliver@ymail.com,Activity,Banking
Brian,Wood,b.a@aol.com,Activity,Electrical Manufacturing
Kayla,Price,kayla_j@outlook.com,Home,Biotechnology
Charlotte,Garcia,charlotte.m@live.com,Activity,Banking
Patrick,Garcia,p.garcia@gmail.com,Health,Management Consulting
Dylan,Hughes,d_h_hughes@aol.com,Beauty,Food
Charles,Davis,charles.davis@live.com,Clothing,Construction
Amelia,Nelson,amnelson@gmail.com,Home,Space
Benjamin,Campbell,benjamin.campbell@outlook.com,Activity,Health Care
Brianna,Washington,brianna_washington@yahoo.com,Electronics,Cosmetics
Henry,Edwards,henryedwards@aol.com,Home,Crafts
Kyle,Miller,kyleemiller@gmail.com,Electronics,Transportation
Anna,Bennett,a.j.bennett@gmail.com,Clothing,Human Resources
John,Cook,john48@hotmail.com,Entertainment,Concrete
Andrew,King,andrew_thomas_king65@live.com,Activity,Cosmetics
Brian,Russell,b_a_russell@rocketmail.com,Beauty,Fitness
Rebecca,Johnson,rebecca_johnson@aol.com,Entertainment,Glass
Sebastian,Bryant,sebastianbryant@outlook.com,Health,Wireless
Gabriel,Simmons,gabrielrsimmons@ymail.com,Activity,Logistics
Amelia,Hall,amelia_j_hall@yahoo.com,Clothing,Animation
Sarah,Parker,sdparker@live.com,Electronics,Computer Hardware
Alexander,Walker,alexanderwalker@live.com,Automotive,Network Security
Samantha,Rodriguez,samantha24@live.com,Beauty,Construction
Ethan,Coleman,ethan.a.coleman@yahoo.com,Home,Public Relations
Dylan,Evans,d.evans@aol.com,Activity,International Trade
Zachary,Kelly,zachary.kelly86@live.com,Activity,Internet
Andrew,Young,a.m.young89@yahoo.com,Entertainment,Environmental Services
Christopher,Green,c.s.green@live.com,Automotive,International Development
Sofia,Gonzales,s.l77@aol.com,Home,Financial Services
Chelsea,Wright,crwright@rocketmail.com,Entertainment,Food Production
Natalie,Watson,n_watson@live.com,Entertainment,Motion Pictures
Allison,Reed,arreed@rocketmail.com,Automotive,Marketing
Richard,Bryant,richard.bryant@yahoo.com,Pets,Package Delivery
Kayla,Foster,kaylamaryfoster@rocketmail.com,Home,Consumer Goods
Michelle,Jackson,m.jackson@yahoo.com,Electronics,Internet
Natalie,Wilson,nataliewilson@outlook.com,Clothing,Glass
Sara,Mitchell,s.e@aol.com,Clothing,Banking
Sebastian,Brown,sebastianrbrown@live.com,Clothing,Shipbuilding
Melissa,Parker,melissa_parker64@gmail.com,Clothing,Construction
Jonathan,Harris,jonathanrharris@rocketmail.com,Home,Plastics
Mateo,Simmons,m.r2@yahoo.com,Home,Facilities Services
Emily,Johnson,emilynicole@gmail.com,Activity,Network Security
Melissa,Hughes,melissa.irene.hughes@gmail.com,Entertainment,Staffing
Kayla,Alexander,kayla@yahoo.com,Automotive,Art
Samuel,Wood,swood@gmail.com,Home,Art
Mary,Bryant,mary.e.bryant@yahoo.com,Activity,Dairy
Allison,Sanders,a.l.sanders@outlook.com,Beauty,Security
Robert,Walker,robert_matthew@rocketmail.com,Automotive,Concrete
Stephanie,Washington,stephanie_washington@live.com,Electronics,Education
Isaac,Roberts,isaac@rocketmail.com,Clothing,Wine
Aubrey,Bryant,aubrey.jean.bryant@rocketmail.com,Electronics,Financial Services
Aiden,King,aiden_king@outlook.com,Home,Apparel
Aubrey,Collins,aubreymcollins@hotmail.com,Entertainment,Retail
Kyle,Powell,kyle@ymail.com,Pets,Telecommunications
Jasmine,Brown,jebrown@aol.com,Home,Media Production
Laura,Stewart,l_stewart@live.com,Activity,Writing
Maria,Young,m.young47@live.com,Home,Space
Aaron,Green,aarongreen@yahoo.com,Home,Web Design
Megan,Henderson,meganmayhenderson@aol.com,Automotive,Luxury Goods
Megan,Miller,m.n.miller@rocketmail.com,Electronics,Sales
Benjamin,Coleman,benjamincoleman@live.com,Automotive,Warehousing
Victoria,Adams,vadams@ymail.com,Pets,Graphic Design
Alexis,Mitchell,alexis_mitchell@rocketmail.com,Home,Wine
Eric,Hughes,ehughes@rocketmail.com,Clothing,Packaging
Charlotte,Sanders,charlottesanders20@hotmail.com,Home,Business Supplies
Eric,Wilson,ewilson@gmail.com,Entertainment,Events Services
Robert,Perez,robert61@ymail.com,Home,Concrete
Amelia,Butler,a.butler67@ymail.com,Health,Packaging
Stephanie,Lee,stephanieelizabethlee@rocketmail.com,Electronics,Hospitality
Jeremy,Murphy,jmurphy@outlook.com,Home,Ceramics
Heather,Long,hlong@live.com,Automotive,Sporting Goods
Melissa,Smith,melissasmith@rocketmail.com,Activity,Nanotechnology
Eleanor,Young,eleanor_f_young@gmail.com,Activity,Semiconductors
Elizabeth,Russell,elizabeth_l_russell87@outlook.com,Home,Journalism
Brittany,Williams,b.williams19@rocketmail.com,Activity,Industrial Engineering
Heather,Thomas,hthomas@ymail.com,Beauty,Cosmetics
Daniel,Alexander,daniel.l@gmail.com,Health,Printing
Tiffany,Long,tiffany@gmail.com,Activity,Staffing
Mark,Collins,mark_collins@ymail.com,Pets,International Trade
Daniel,Walker,daniel.thomas.walker@aol.com,Entertainment,International Development
Joseph,Coleman,joseph.coleman@aol.com,Entertainment,Wine
Courtney,Griffin,c_griffin@outlook.com,Clothing,Network Security
Tyler,Cox,t_cox@yahoo.com,Home,Services
Rebecca,Brown,rebeccabrown@gmail.com,Home,Events Services
Brianna,Adams,b_m_adams@aol.com,Pets,Consumer Goods
Victoria,Griffin,v_griffin79@yahoo.com,Home,Events Services
Jennifer,Peterson,jpeterson@ymail.com,Home,Sales
Kayla,Sanchez,kayla.a.sanchez@ymail.com,Electronics,International Trade
James,Adams,james.anthony.adams74@live.com,Entertainment,Package Delivery
David,Edwards,d_edwards@yahoo.com,Home,Telecommunications
Jasmine,Perry,j.r.perry8@outlook.com,Clothing,Movie Production
Michael,Reed,m_reed@aol.com,Home,Containers
Christopher,Green,ccgreen@aol.com,Pets,Nanotechnology
Danielle,Gray,daniellel91@outlook.com,Activity,Movie Production
Amber,Murphy,amber.murphy@gmail.com,Automotive,Computer Hardware
Sean,Bryant,seanbryant@yahoo.com,Activity,Film
Nathan,Williams,nwilliams@outlook.com,Home,Wine
Stephen,Harris,s_harris@aol.com,Electronics,Public Relations
Sarah,Gray,sarahrgray@live.com,Activity,Graphic Design
Alexander,Rivera,alexander_andrew_rivera@gmail.com,Beauty,International Development
Christina,Bailey,c.r.bailey@ymail.com,Pets,Containers
Evelyn,Torres,etorres@aol.com,Electronics,Facilities Services
Ava,Wood,ava_wood@live.com,Electronics,Logistics
Kayla,Moore,kayla67@hotmail.com,Beauty,Computer Networking
Kaitlyn,Richardson,k.richardson@live.com,Home,Glass
Lauren,Jenkins,l.jenkins@gmail.com,Automotive,Fashion
Brian,Brooks,b_brooks@outlook.com,Clothing,Utilities
Daniel,Jenkins,d_a@outlook.com,Beauty,Telecommunications
Richard,Johnson,richard.a.johnson@gmail.com,Pets,Semiconductors
Kyle,Hayes,k_w_hayes@yahoo.com,Entertainment,International Trade
Austin,Thomas,a_e_thomas52@rocketmail.com,Health,Art
Matthew,Adams,m.adams@hotmail.com,Clothing,Logistics
Stephen,Anderson,s.anderson@gmail.com,Health,Package Delivery
Sebastian,Cook,sebastian.cook48@ymail.com,Clothing,Automotive
Aubrey,Walker,aubreywalker@outlook.com,Electronics,Environmental Services
Emma,Bryant,emmakbryant@hotmail.com,Beauty,Real Estate
Ava,Bailey,a_r_bailey@hotmail.com,Home,Publishing
Laura,Lee,l.lee@yahoo.com,Beauty,Biotechnology
Aaron,Jenkins,aaron_jenkins@yahoo.com,Health,Sporting Goods
Evelyn,Mitchell,e.mitchell@yahoo.com,Activity,Civil Engineering
Adam,Phillips,a.j.phillips@hotmail.com,Home,Graphic Design
Stephanie,Collins,stephanie_rose59@outlook.com,Activity,Fishery
Jose,Torres,jtorres@hotmail.com,Beauty,Photography
Nicholas,Gray,nicholaswgray@gmail.com,Electronics,Media Production
Andrew,Parker,andrew.parker@ymail.com,Health,Paper Products
Brandon,Howard,b_j_howard@ymail.com,Home,Film
Rachel,Flores,rachelmarieflores@gmail.com,Entertainment,Jewelry
Kelsey,Alexander,kelsey.michelle.alexander@aol.com,Home,Consumer Services
Kimberly,Ross,k_n_ross@gmail.com,Health,Transportation
Julian,Price,julian.price@hotmail.com,Clothing,Plastics
Anna,Hall,ahall@aol.com,Beauty,Concrete
Joshua,Ramirez,jeramirez@hotmail.com,Pets,Recruiting
Brandon,Morgan,b.m.morgan@hotmail.com,Electronics,Journalism
Layla,Bryant,l_d_bryant@ymail.com,Automotive,Gambling
Ryan,Ramirez,ryanramirez@live.com,Home,Accounting
Haley,Sanchez,haleysanchez@hotmail.com,Entertainment,Construction
Andrew,Russell,arussell@aol.com,Home,Mortgages
Charles,Williams,charles.williams52@live.com,Activity,Recruiting
Joseph,Patterson,joseph.michael.patterson@hotmail.com,Entertainment,Hospitality
Henry,Young,hayoung@yahoo.com,Beauty,Consumer Services
Robert,Moore,rmoore@hotmail.com,Activity,Automotive
Olivia,Anderson,o.a.anderson@yahoo.com,Clothing,Insurance
Eric,Long,elong@aol.com,Automotive,Shipbuilding
Mary,Wright,mmwright@hotmail.com,Activity,Pharmaceuticals
Jeremy,Young,j_c_young37@ymail.com,Entertainment,Travel
Stephen,Diaz,stephenhenrydiaz@yahoo.com,Electronics,Entertainment
Ashley,Reed,a.reed@live.com,Activity,Banking
Alexandra,Johnson,alexandra_m_johnson48@outlook.com,Pets,Accounting
Olivia,Bennett,o.l55@ymail.com,Beauty,Chemicals
Nathan,Green,ngreen47@aol.com,Home,Writing
Kyle,Rogers,karogers@outlook.com,Beauty,Events Services
Michael,Gray,michaeldavidgray67@live.com,Automotive,Construction
Isaac,Jones,isaac_george_jones@aol.com,Beauty,Apparel
Lauren,Hall,l_m_hall42@yahoo.com,Entertainment,Food
Jose,Martinez,jemartinez@hotmail.com,Clothing,Human Resources
Zachary,Martinez,zjmartinez@gmail.com,Clothing,Architecture
Olivia,Flores,o_flores@live.com,Beauty,Environmental Services
Heather,Alexander,h.alexander@outlook.com,Pets,Cosmetics
Lillian,Clark,lillian_l@ymail.com,Beauty,Computer Engineering
Evelyn,Lewis,elewis@yahoo.com,Beauty,Crafts
Isaac,Thomas,i_thomas@rocketmail.com,Clothing,Leisure
Aiden,Perez,aiden.james.perez@ymail.com,Health,Food
Charles,Thompson,charles_m_thompson47@rocketmail.com,Entertainment,Gambling
Kyle,Bryant,k_bryant@outlook.com,Pets,Entertainment
Erin,Jenkins,erin@yahoo.com,Entertainment,Fitness
Allison,Watson,allisongwatson@outlook.com,Home,Advertising
Erin,Young,erinreneeyoung@yahoo.com,Electronics,Journalism
Joseph,Reed,joseph_reed@hotmail.com,Automotive,Staffing
Nicholas,Alexander,nicholas.joseph@hotmail.com,Clothing,Computer Software
Ethan,Alexander,e_alexander@outlook.com,Home,Concrete
Joshua,Phillips,j.phillips@aol.com,Health,Management Consulting
Kayla,Garcia,kayla_garcia@ymail.com,Activity,Fitness
John,Campbell,johncampbell@aol.com,Beauty,Media Production
Kevin,Perry,k_m_perry@ymail.com,Home,Aerospace
Laura,Morgan,laura.lee@hotmail.com,Clothing,Motion Pictures
Alexis,Wilson,alexis_kay_wilson@hotmail.com,Beauty,Pharmaceuticals
Lillian,Rogers,l.rogers62@yahoo.com,Beauty,Gambling
Justin,Reed,j.reed@hotmail.com,Home,Maritime
Alexandra,Hall,a.l.hall@outlook.com,Entertainment,Management Consulting
Kaitlyn,Cooper,k_r_cooper@outlook.com,Activity,Consumer Services
Abigail,Collins,acollins@rocketmail.com,Home,Motion Pictures
Samuel,Evans,samuelmevans50@ymail.com,Clothing,Warehousing
Rebecca,Stewart,r.g72@rocketmail.com,Beauty,Advertising
Claire,Diaz,c_m_diaz69@live.com,Clothing,Writing
Kaitlyn,Sanders,k.m.sanders76@aol.com,Home,Writing
Stephanie,Powell,s.powell@rocketmail.com,Entertainment,Mortgages
James,Reed,james.george.reed@live.com,Automotive,Glass
Michael,Jenkins,michael.m.jenkins@rocketmail.com,Activity,Sports
Emma,Morris,emorris@hotmail.com,Clothing,Computer Security
Maria,King,m.m.king@outlook.com,Clothing,Professional Training
Robert,Rodriguez,rrodriguez@aol.com,Activity,Professional Training
Isaac,Turner,i_j_turner79@gmail.com,Entertainment,Fitness
Sofia,Barnes,sbarnes@live.com,Activity,Consumer Goods
Mary,Ross,m.ross@rocketmail.com,Electronics,Movie Production
Erin,Turner,e.m@hotmail.com,Clothing,Mortgages
Joshua,Jones,jrjones@hotmail.com,Health,Computer Engineering
Amber,Coleman,acoleman@outlook.com,Beauty,Computer Games
Sara,Gray,s.g.gray@aol.com,Home,Pharmaceuticals
Olivia,Nelson,o_m_nelson19@gmail.com,Beauty,Wireless
Alexis,Peterson,a.peterson@gmail.com,Automotive,Publishing
Ethan,Gray,ethan_gray70@live.com,Entertainment,Consumer Electronics
William,Martin,w.martin@hotmail.com,Automotive,Architecture
Jonathan,Johnson,jonathan_e_johnson@gmail.com,Pets,Health Care
Ethan,Bennett,e_r_bennett@hotmail.com,Clothing,Crafts
Isabella,Johnson,i_johnson@rocketmail.com,Activity,Fashion
Isabella,Wood,isabellawood@gmail.com,Health,Health
Anna,Adams,a_adams@live.com,Electronics,Fitness
Ethan,Evans,eevans@rocketmail.com,Beauty,Paper Products
James,Sanders,james.alexander.sanders@live.com,Pets,Computer Software
David,Jenkins,d.a@outlook.com,Activity,Wholesale
Sara,Lee,sara.may@aol.com,Clothing,Gambling
Stephanie,Garcia,stephanie_ruth_garcia@hotmail.com,Pets,Sales
Kayla,Washington,k_washington@yahoo.com,Home,Nanotechnology
Aiden,Sanders,a_w_sanders@yahoo.com,Electronics,Fitness
Brandon,Bailey,b.j.bailey@yahoo.com,Home,Wine
Robert,Wood,robert76@rocketmail.com,Health,Telecommunications
Alexandra,Price,alprice@hotmail.com,Health,Entertainment
Nicole,Rodriguez,nrodriguez@yahoo.com,Pets,Consumer Goods
Hannah,Bell,h.bell@yahoo.com,Activity,Movie Production
Grace,Bell,gracebell@aol.com,Home,Concrete
Timothy,Bryant,timothy.s.bryant@ymail.com,Clothing,Health
James,Hill,jhill@outlook.com,Automotive,Security
Joshua,Green,joshualgreen@yahoo.com,Health,Journalism
Danielle,Washington,daniellewashington@outlook.com,Clothing,Sales
Eric,Stewart,eric.f.stewart@rocketmail.com,Beauty,Maritime
Haley,Thomas,h_m_thomas68@rocketmail.com,Electronics,Electrical Manufacturing
Emma,Green,emmalgreen55@aol.com,Activity,Computer Software
Jason,Ward,j.j.ward73@gmail.com,Home,Beverages
Sara,Miller,sara_lynn_miller@rocketmail.com,Home,Pharmaceuticals
Jennifer,Hayes,j.l.hayes@aol.com,Clothing,Printing
Anthony,Roberts,anthony_roberts@rocketmail.com,Clothing,Information Technology
Ryan,Morris,r.w@hotmail.com,Activity,Textiles
Layla,Parker,l_i31@outlook.com,Clothing,Entertainment
Audrey,Parker,a.r.parker@live.com,Entertainment,Industrial Automation
Kevin,Torres,ktorres@outlook.com,Entertainment,Aerospace
Oliver,King,o.king@live.com,Home,Sports
Courtney,Cox,c_r_cox@rocketmail.com,Home,Paper Products
Mary,Taylor,mary.taylor@rocketmail.com,Home,Semiconductors
Stephen,Adams,s_r_adams@hotmail.com,Automotive,Facilities Services
Grace,Watson,g_f_watson@ymail.com,Home,Industrial Automation
Kaitlyn,Ramirez,kaitlynkayramirez36@hotmail.com,Home,Electrical Manufacturing
Victoria,Watson,v_m_watson@gmail.com,Beauty,Plastics
Ryan,Wright,ryan31@yahoo.com,Activity,Consumer Goods
Taylor,Butler,taylor.g.butler22@gmail.com,Beauty,Freight Delivery
Charles,Hernandez,charlesfhernandez@outlook.com,Beauty,Logistics
Heather,Morris,h_r_morris@hotmail.com,Entertainment,Sporting Goods
Gabriel,Bennett,gabennett@hotmail.com,Activity,Industrial Automation
Alyssa,Moore,alyssamay@hotmail.com,Activity,Paper Products
Rachel,Rodriguez,rrodriguez@yahoo.com,Automotive,Management Consulting
Thomas,Jones,t.c.jones@aol.com,Activity,Consumer Electronics
Oliver,Young,o.a.young@hotmail.com,Home,Defense
John,Morris,john.a@hotmail.com,Electronics,Consumer Electronics
Hannah,Collins,hannah.collins82@gmail.com,Entertainment,Animation
Daniel,Rogers,d.h@outlook.com,Automotive,Public Relations
Emily,Hughes,e.hughes56@aol.com,Home,Electronic Manufacturing
Alexis,Howard,alexis_renee_howard@outlook.com,Home,Paper Products
Katherine,Bell,katherinebell@aol.com,Clothing,Chemicals
John,Hall,jahall@gmail.com,Entertainment,Sports
David,White,david.white@gmail.com,Activity,Mining
David,Campbell,david.l12@live.com,Home,Luxury Goods
Alexander,Clark,alexanderrichardclark35@ymail.com,Entertainment,Wine
Maria,Ross,mross4@hotmail.com,Home,Telecommunications
Audrey,Johnson,afjohnson@outlook.com,Home,Performing Arts
Richard,Torres,r.torres@yahoo.com,Entertainment,Building Materials
Lauren,Jackson,lnjackson@ymail.com,Entertainment,Media Production
Victoria,King,v_king@live.com,Activity,Travel
Tyler,Carter,t_carter66@rocketmail.com,Health,Metals
Danielle,Ward,danielle_jean_ward1@ymail.com,Home,Professional Training
Justin,Stewart,justin@aol.com,Electronics,Publishing
Alexander,Lee,alee@live.com,Activity,Environmental Services
Grace,Watson,gswatson@gmail.com,Automotive,Management Consulting
Ethan,Evans,er@outlook.com,Automotive,Entertainment
Robert,Smith,robertsmith@ymail.com,Home,Computer Engineering
Charles,Sanchez,charlesasanchez@live.com,Home,Mechanical Engineering
Sebastian,Taylor,s_taylor12@rocketmail.com,Entertainment,Computer Networking
Alyssa,Henderson,a.l.henderson96@live.com,Beauty,Aerospace
Natalie,White,nataliemwhite48@gmail.com,Home,Writing
Jose,Robinson,j_robinson40@live.com,Activity,Performing Arts
Rebecca,Moore,r_f_moore@gmail.com,Home,Web Design
Jeremy,Ramirez,j.ramirez@gmail.com,Electronics,Food
Allison,Perry,a.perry18@outlook.com,Beauty,Retail
Rebecca,Torres,rebeccareneetorres@aol.com,Electronics,Semiconductors
Claire,Robinson,claire_robinson23@ymail.com,Entertainment,Telecommunications
Richard,Clark,richardclark@aol.com,Automotive,Motion Pictures
Megan,Brown,megan.brown@hotmail.com,Entertainment,Food Production
Zachary,Green,z.r40@yahoo.com,Health,Wholesale
Oliver,Clark,o_clark@rocketmail.com,Home,Legal Services
Aaron,Bennett,aaron_bennett@rocketmail.com,Clothing,Plastics
Christopher,Walker,christopher_walker@outlook.com,Clothing,Marketing
Zachary,Kelly,z_kelly@gmail.com,Health,Computer Hardware
Heather,Roberts,heather_roberts@outlook.com,Clothing,Leisure
Tyler,Watson,tyler_a_watson@aol.com,Pets,Information Technology
Gabriel,Diaz,gabriel.m.diaz@live.com,Activity,Advertising
Daniel,Griffin,d.l.griffin96@rocketmail.com,Beauty,Publishing
Patrick,Evans,p.evans@rocketmail.com,Home,Mortgages
Olivia,Alexander,o.g.alexander@yahoo.com,Health,Nanotechnology
Amanda,Henderson,a.r.henderson@outlook.com,Beauty,Telecommunications
Jose,Phillips,j.phillips84@rocketmail.com,Automotive,Utilities
Daniel,Perez,danielhenryperez@ymail.com,Electronics,Aviation
Haley,Anderson,handerson1@ymail.com,Entertainment,Translation
Sebastian,Lee,sebastian_lee@yahoo.com,Health,Concrete
Julian,Jones,julian.wayne.jones40@live.com,Entertainment,Farming
Kevin,Rogers,k_rogers@gmail.com,Entertainment,Journalism
Daniel,Kelly,daniel_alexander_kelly@aol.com,Home,International Trade
Thomas,Ross,t.ross@ymail.com,Automotive,Consumer Services
Victoria,Clark,v.a@aol.com,Health,Semiconductors
Daniel,Ramirez,d_ramirez@yahoo.com,Electronics,Beverages
Rebecca,Williams,rwilliams@ymail.com,Entertainment,Defense
Claire,Jackson,clairerjackson@live.com,Entertainment,Computer Games
Anthony,Alexander,anthony_j_alexander42@gmail.com,Clothing,Biotechnology
William,Hayes,william.hayes16@aol.com,Entertainment,Aerospace
Brian,Martin,brian.joseph.martin@hotmail.com,Clothing,Machinery
Brittany,Morris,b_morris@aol.com,Home,Electrical Manufacturing
Sofia,Sanders,sofia.sanders@aol.com,Automotive,Health Care
Sara,Jones,sara.jones82@hotmail.com,Home,Staffing
Andrew,Phillips,andrew_phillips@aol.com,Home,Printing
Tyler,Wright,twright@ymail.com,Entertainment,Energy
John,Perez,john@aol.com,Activity,Pharmaceuticals
Richard,Robinson,rrobinson@hotmail.com,Automotive,Mining
Aubrey,Taylor,aubrey.r.taylor@live.com,Home,Facilities Services
Alexandra,Campbell,alexandra.lou.campbell@aol.com,Electronics,Nanotechnology
Charles,Clark,charles_clark@live.com,Electronics,Motion Pictures
Richard,Henderson,richard.henderson@live.com,Pets,Mortgages
Jack,Foster,j.foster@aol.com,Entertainment,Facilities Services
Rachel,Cook,rrcook@rocketmail.com,Activity,Photography
Ashley,Wood,aj@ymail.com,Automotive,Gambling
Theodore,Walker,t.walker@live.com,Home,Environmental Services
Victoria,Bailey,victoriagracebailey@hotmail.com,Activity,Recruiting
Alyssa,White,alyssa.ruth.white@aol.com,Clothing,Medical Equipment
Oliver,Foster,oliver_joseph_foster@ymail.com,Activity,Cosmetics
Sebastian,Perez,sebastian_g_perez@outlook.com,Beauty,Education
Jonathan,Phillips,jonathan_h@live.com,Activity,Mechanical Engineering
Taylor,Taylor,taylor_anne_taylor@rocketmail.com,Beauty,Private Equity
Jennifer,Parker,j.parker@outlook.com,Home,Apparel
Lauren,Ward,laurenward11@aol.com,Clothing,Telecommunications
Dylan,Sanders,dylan@yahoo.com,Beauty,Industrial Automation
Zachary,Simmons,zw@outlook.com,Home,Information Services
Stephen,Brooks,s_j_brooks@live.com,Health,Entertainment
Natalie,James,nataliekjames2@gmail.com,Home,Shipbuilding
Haley,Kelly,h_kelly@outlook.com,Health,Business Supplies
Timothy,Scott,t.scott@outlook.com,Beauty,Writing
Claire,Miller,claire_a_miller@hotmail.com,Entertainment,Insurance
Nathan,Alexander,nathan_francis@hotmail.com,Activity,Fashion
Claire,Miller,cmiller21@aol.com,Electronics,Fashion
Joseph,Edwards,jeedwards@live.com,Beauty,Design
Anna,Johnson,a.k.johnson@live.com,Clothing,Management Consulting
Benjamin,James,bajames@yahoo.com,Activity,Chemicals
Daniel,Smith,dgsmith@outlook.com,Activity,Procurement
Aubrey,Jackson,ajackson@live.com,Entertainment,Fishery
Robert,White,r_g_white@ymail.com,Activity,Security
Matthew,Russell,matthew_russell@live.com,Entertainment,Transportation
Anna,Hughes,annamargarethughes@rocketmail.com,Automotive,Civil Engineering
Ethan,Gonzales,e.gonzales@yahoo.com,Entertainment,Containers
Allison,Jones,aljones@hotmail.com,Activity,Sales
Nicole,Morris,n.morris@yahoo.com,Home,Security
Anna,Martin,anna_martin@aol.com,Entertainment,Wholesale
Jennifer,Lee,jennifer.lee88@ymail.com,Health,Art
Owen,Edwards,o.j.edwards42@outlook.com,Home,Warehousing
Tyler,Price,tylerprice@hotmail.com,Activity,Wholesale
Kaitlyn,Perry,kaitlyndawnperry74@yahoo.com,Automotive,Design
Allison,Alexander,a.alexander@hotmail.com,Entertainment,Automotive
Austin,Garcia,a_garcia34@live.com,Beauty,Food
Nicholas,Roberts,nwroberts3@hotmail.com,Activity,Internet
Julian,Smith,julian.charles.smith@ymail.com,Automotive,Telecommunications
Emily,James,emily_may_james59@gmail.com,Clothing,Business Supplies
David,Ross,david.alan.ross@live.com,Beauty,Photography
Heather,Bailey,heatherbailey@gmail.com,Clothing,Furniture
Rachel,Hill,rachel@hotmail.com,Entertainment,Plastics
Alexander,Rivera,alexander.rivera@gmail.com,Home,Human Resources
John,Russell,john_michael16@aol.com,Pets,Luxury Goods
Maria,Jackson,mariajackson@yahoo.com,Home,Translation
Kevin,Hughes,kevindavidhughes@live.com,Automotive,Package Delivery
Laura,Adams,laura.r.adams@outlook.com,Beauty,Financial Services
Courtney,Parker,c_e_parker@yahoo.com,Pets,Fishery
Layla,Sanders,layla.sanders@rocketmail.com,Electronics,Printing
Nicole,Williams,n.williams@hotmail.com,Automotive,Professional Training
William,Jenkins,wcjenkins@aol.com,Automotive,Mechanical Engineering
Charlotte,Henderson,charlotteg@yahoo.com,Entertainment,Food
Ryan,Gonzales,ryan_gonzales@outlook.com,Activity,Management Consulting
Emma,King,emma.g.king@rocketmail.com,Home,Facilities Services
Christina,Brown,christina_irene_brown32@outlook.com,Automotive,Sports
Rebecca,Rogers,rebecca.rogers@yahoo.com,Health,Health
Sean,Reed,sean@outlook.com,Electronics,Movie Production
Victoria,Anderson,victoria.anderson@aol.com,Electronics,Marketing
Nathan,Foster,n_a_foster@aol.com,Automotive,Semiconductors
Laura,Young,ls@yahoo.com,Electronics,Sporting Goods
Isaac,Morris,i.g.morris@live.com,Clothing,Financial Services
Samantha,Washington,sr@yahoo.com,Home,Computer Hardware
Alexandra,Cox,a_r_cox@rocketmail.com,Beauty,Mortgages
Stephanie,Patterson,stephanie@hotmail.com,Health,Semiconductors
Erin,Murphy,e_r_murphy@aol.com,Entertainment,Chemicals
Taylor,Turner,t.turner@rocketmail.com,Activity,Management Consulting
Courtney,Washington,courtneyrosewashington@ymail.com,Electronics,International Trade
Jose,Nelson,jose.wayne.nelson@hotmail.com,Clothing,Real Estate
Alexis,Thomas,athomas@aol.com,Home,Utilities
Michael,Reed,m.reed40@yahoo.com,Pets,Banking
Sebastian,Edwards,s_r_edwards@live.com,Clothing,Consumer Services
Ashley,Lee,ashley_jean@yahoo.com,Health,Education
Aaron,Rogers,aarond@live.com,Electronics,Wholesale
Eric,Evans,eaevans@yahoo.com,Activity,Professional Training
Jose,Allen,jose@hotmail.com,Entertainment,Package Delivery
Kaitlyn,Roberts,kaitlyn_roberts@live.com,Clothing,Plastics
Rebecca,Price,rebecca_michelle_price@live.com,Automotive,Warehousing
Emma,Mitchell,e.mitchell@yahoo.com,Pets,Accounting
Jonathan,Martinez,jmartinez@aol.com,Clothing,Glass
Kimberly,Williams,kawilliams@rocketmail.com,Home,Translation
Aaron,Powell,aaron_powell@ymail.com,Home,Sports
Alexis,Wood,a.l.wood@live.com,Automotive,Entertainment
Andrew,Williams,a.a@hotmail.com,Beauty,Computer Networking
Timothy,Mitchell,t.j.mitchell@hotmail.com,Home,Insurance
Mary,Bailey,mary.bailey@outlook.com,Beauty,Industrial Automation
Sofia,Young,smyoung@aol.com,Health,Fishery
David,Russell,david_russell@yahoo.com,Electronics,Sports
Owen,Lee,owen_lee@aol.com,Automotive,Music
Amelia,Bennett,amelia.bennett@live.com,Pets,Facilities Services
Steven,Baker,stevenbaker@yahoo.com,Activity,Leisure
John,Robinson,j.robinson29@live.com,Automotive,Recruiting
Claire,White,claire.f.white@gmail.com,Beauty,Business Equipment
Kelsey,Rivera,k.i.rivera@hotmail.com,Home,Nanotechnology
Claire,Hayes,crhayes@live.com,Activity,Music
Brian,Lopez,b_lopez41@rocketmail.com,Health,Transportation
Erin,Parker,e.m@rocketmail.com,Home,Consumer Services
Brian,Long,blong@aol.com,Home,Space
Gabriel,Morgan,gabriel_morgan@hotmail.com,Clothing,Sporting Goods
Kimberly,Williams,kimberly.williams93@outlook.com,Entertainment,Events Services
Kyle,Griffin,k.griffin@yahoo.com,Beauty,Nanotechnology
Kaitlyn,Anderson,kaitlyn.mary.anderson64@aol.com,Home,Hospitality
Theodore,Collins,theodore_m_collins@hotmail.com,Entertainment,Apparel
David,Smith,d_smith@gmail.com,Beauty,Luxury Goods
Kelsey,Miller,kelsey_grace@ymail.com,Activity,Consumer Services
Samuel,Scott,slscott@gmail.com,Entertainment,Medical Equipment
Grace,Hill,grace@rocketmail.com,Electronics,Wine
Heather,Torres,heather_lou_torres@gmail.com,Activity,Paper Products
Laura,Bryant,l_bryant@hotmail.com,Beauty,Pharmaceuticals
Amanda,Hughes,a.a.hughes@live.com,Clothing,Accounting
Katherine,Brooks,k_brooks@yahoo.com,Clothing,Consumer Goods
Audrey,Cook,audrey@gmail.com,Health,Ceramics
Dylan,Collins,dylan_collins@live.com,Home,Movie Production
Michael,Davis,michael.eugene.davis19@yahoo.com,Activity,Logistics
Rebecca,Harris,rebecca.harris@yahoo.com,Automotive,Defense
Owen,Butler,o.butler84@aol.com,Pets,Chemicals
Steven,Hernandez,steven.joseph@hotmail.com,Entertainment,Professional Training
William,Walker,williamwalker44@aol.com,Clothing,Recreational Facilities
Steven,Ward,steven_richard_ward@hotmail.com,Beauty,Computer Software
Erin,Morgan,erin.morgan@ymail.com,Activity,International Trade
Michael,Cooper,michael.james@aol.com,Clothing,Semiconductors
Jonathan,James,j_james@aol.com,Clothing,Aerospace
Owen,Cooper,om@gmail.com,Entertainment,Fitness
Jose,Rogers,j.e.rogers32@gmail.com,Beauty,Aviation
Melissa,Martinez,mgmartinez@gmail.com,Activity,Film
Kevin,Bell,kbell@hotmail.com,Automotive,Consumer Services
Katherine,Scott,k_scott@gmail.com,Beauty,Computer Software
Kaitlyn,Ward,kaitlynsueward@yahoo.com,Home,Events Services
Brandon,Thompson,brandoneugene@rocketmail.com,Activity,Business Equipment
Sophia,Anderson,sranderson11@live.com,Automotive,Wholesale
Alexis,Scott,a_scott47@outlook.com,Entertainment,Packaging
David,Lewis,david_wayne@ymail.com,Beauty,Apparel
Stephanie,Williams,s_j@yahoo.com,Activity,Procurement
Melissa,Stewart,m.stewart@gmail.com,Activity,Electronic Manufacturing
Mateo,Robinson,m.d@outlook.com,Entertainment,Travel
Julian,Phillips,j_e_phillips16@ymail.com,Home,Consumer Electronics
Olivia,Powell,olivia_powell@ymail.com,Home,Recruiting
Joshua,Barnes,joshua_barnes@gmail.com,Beauty,Web Design
Stephen,Sanchez,s.t.sanchez@rocketmail.com,Home,Environmental Services
Kevin,Morgan,k_morgan@outlook.com,Activity,Furniture
Ryan,Morgan,r_morgan50@yahoo.com,Entertainment,Consumer Electronics
Richard,Cox,richard_robert_cox62@outlook.com,Home,Computer Hardware
Maria,Sanchez,mariarose@aol.com,Home,Architecture
Daniel,Morris,d_e_morris@rocketmail.com,Pets,Containers
James,Gonzales,jgonzales@gmail.com,Health,Farming
Abigail,White,abigail_white@gmail.com,Home,Business Supplies
Anthony,Garcia,aj@ymail.com,Electronics,Procurement
Timothy,Morgan,t.morgan@live.com,Electronics,Semiconductors
Eleanor,Walker,eleanor_walker@rocketmail.com,Home,Electrical Manufacturing
Alexander,Turner,a_turner@rocketmail.com,Home,Beverages
Mark,Rogers,mark.rogers45@yahoo.com,Activity,Civil Engineering
Melissa,Ward,m.ward@gmail.com,Activity,Entertainment
Timothy,Brooks,timothytbrooks45@live.com,Home,Utilities
Lillian,Wood,lillian.wood@gmail.com,Home,Translation
Aaron,Peterson,aaron_peterson@aol.com,Automotive,Telecommunications
Timothy,Cook,timothycook@yahoo.com,Activity,Events Services
Ethan,Reed,ethan.michael@outlook.com,Activity,Pharmaceuticals
Ryan,Green,r_j_green@rocketmail.com,Pets,Wireless
Joseph,Kelly,josephkelly@gmail.com,Entertainment,Advertising
Benjamin,Lee,blee@gmail.com,Entertainment,Farming
Dylan,Torres,dhtorres@aol.com,Health,Mechanical Engineering
Kyle,Diaz,kylediaz@hotmail.com,Automotive,Wireless
Kyle,Baker,k_baker@yahoo.com,Activity,Journalism
Mark,Smith,mark@live.com,Entertainment,Web Design
Rachel,Hayes,rachelhayes@ymail.com,Activity,Shipbuilding
Henry,Brooks,henry_r_brooks@rocketmail.com,Clothing,Packaging
Sofia,Phillips,sphillips49@gmail.com,Entertainment,Crafts
Theodore,Adams,theodore.joseph.adams@aol.com,Clothing,Computer Games
Kimberly,Evans,kaevans@outlook.com,Clothing,Leisure
Kayla,Williams,k.m73@outlook.com,Clothing,Concrete
Maria,Morris,maria_morris@gmail.com,Home,Furniture
Timothy,Collins,t.collins@yahoo.com,Home,Glass
Jessica,Miller,jessica.miller@live.com,Clothing,Package Delivery
Alexis,Cooper,alexis.michelle.cooper@outlook.com,Home,Computer Games
Samantha,James,samantha.james@rocketmail.com,Health,Recruiting
Layla,Russell,layla_russell@ymail.com,Activity,Freight Delivery
Jason,Watson,jason@rocketmail.com,Home,Industrial Automation
Allison,Thomas,allison.m.thomas@gmail.com,Activity,Freight Delivery
Jessica,Ross,j.l.ross@rocketmail.com,Pets,International Development
Laura,White,laurawhite@live.com,Home,Metals
Stephanie,Campbell,s_campbell@hotmail.com,Health,Farming
Lauren,Perez,lauren.marie.perez@hotmail.com,Home,Mortgages
Matthew,Murphy,m.murphy@outlook.com,Activity,Computer Networking
Anthony,Russell,arussell@ymail.com,Beauty,Journalism
Charles,Parker,charles@aol.com,Home,Architecture
Alexis,Johnson,ajohnson24@live.com,Home,Computer Hardware
Jose,Thompson,jrthompson@outlook.com,Home,Legal Services
Claire,Rodriguez,c.rodriguez@rocketmail.com,Automotive,Consumer Services
Heather,Wood,h_l_wood@hotmail.com,Activity,Professional Training
Kaitlyn,Wilson,kaitlyn_wilson@yahoo.com,Automotive,Automotive
Oliver,Thomas,oliver.scott.thomas@aol.com,Entertainment,Recreational Facilities
Gabriel,Hughes,g_hughes@ymail.com,Entertainment,Construction
Charles,Simmons,charles.simmons87@hotmail.com,Clothing,Recreational Facilities
Christina,Jackson,c_j_jackson47@yahoo.com,Clothing,Wine
Andrew,Cooper,a.a.cooper@ymail.com,Clothing,Luxury Goods
Anna,Howard,a_r_howard@rocketmail.com,Activity,Fashion
Thomas,Ross,thomas_edward_ross@aol.com,Electronics,Energy
Sara,Kelly,sara76@rocketmail.com,Beauty,Metals
Steven,Sanders,steven.charles.sanders@aol.com,Clothing,Maritime
Kimberly,Alexander,k.l.alexander@rocketmail.com,Home,Information Services
Isabella,Wood,isabellawood@gmail.com,Pets,Industrial Engineering
Amelia,Bennett,amelia.bennett@ymail.com,Beauty,Chemicals
Emily,Moore,emoore@rocketmail.com,Health,Mining
Grace,Ross,grace@ymail.com,Entertainment,Maritime
Olivia,Hayes,o.r.hayes80@yahoo.com,Health,Freight Delivery
Audrey,Lee,audrey_lee@aol.com,Automotive,Electronic Manufacturing
David,Scott,dscott@ymail.com,Beauty,Photography
Amanda,Anderson,amanda_anderson@aol.com,Home,Marketing
Henry,Parker,henryaparker97@yahoo.com,Entertainment,Ceramics
Richard,Bennett,richard_charles_bennett@gmail.com,Clothing,Aviation
Robert,Powell,r.j.powell17@hotmail.com,Activity,Maritime
Daniel,Perry,daniel.perry@live.com,Pets,Health
Owen,Bell,o.a.bell@live.com,Beauty,Packaging
Allison,Lewis,allison.m.lewis62@rocketmail.com,Entertainment,Journalism
Zachary,Peterson,z.j@aol.com,Activity,Travel
Megan,Henderson,m.m.henderson@ymail.com,Health,Business Supplies
Amelia,Richardson,ameliarichardson@outlook.com,Automotive,Wireless
Lauren,Hill,l_hill97@yahoo.com,Activity,Mortgages
Ava,Robinson,a_robinson@rocketmail.com,Activity,Transportation
Evelyn,Green,evelyn.faith.green@rocketmail.com,Activity,International Development
Sean,Ross,sean_d_ross73@ymail.com,Automotive,Glass
Steven,Foster,sfoster@live.com,Entertainment,Procurement
Evelyn,Mitchell,e_mitchell@live.com,Automotive,Package Delivery
Amelia,Coleman,amelia.coleman65@live.com,Clothing,Printing
Richard,Phillips,r.phillips34@aol.com,Entertainment,Fitness
Benjamin,Price,benjamin.r.price@hotmail.com,Health,Sporting Goods
Sara,Long,saralong58@yahoo.com,Home,Sporting Goods
Dylan,Butler,dbutler@outlook.com,Activity,Industrial Engineering
Layla,Anderson,layla@gmail.com,Health,Management Consulting
Lillian,Bailey,l.bailey@aol.com,Clothing,Fishery
Melissa,Edwards,medwards@ymail.com,Activity,Cosmetics
Anthony,Wright,anthonyawright@rocketmail.com,Home,Construction
Oliver,Nelson,oliver_francis_nelson@outlook.com,Home,Electronic Manufacturing
Aubrey,Wright,awright@ymail.com,Home,Entertainment
Audrey,Reed,areed@outlook.com,Activity,Aviation
Aubrey,Brooks,abrooks@hotmail.com,Entertainment,Business Supplies
James,Morris,james_j_morris@yahoo.com,Activity,Marketing
Steven,Hall,steven_t_hall@live.com,Activity,Construction
Sebastian,Garcia,s_garcia47@aol.com,Electronics,Sporting Goods
Alyssa,Cook,alyssalcook69@outlook.com,Entertainment,Financial Services
David,Wood,david_w_wood46@gmail.com,Health,Private Equity
Theodore,White,t_a_white@gmail.com,Health,Semiconductors
Michelle,Patterson,mrpatterson@ymail.com,Automotive,Leisure
Amanda,Brooks,amanda.anne.brooks@rocketmail.com,Pets,Gambling
Rebecca,Collins,rebecca.collins75@live.com,Health,Events Services
Jack,Torres,j_torres@yahoo.com,Home,Business Equipment
Jack,Morgan,jackmorgan@live.com,Entertainment,Consumer Goods
Stephen,Turner,stephen.g.turner@gmail.com,Entertainment,Network Security
Eleanor,Wright,eleanor.wright@ymail.com,Home,Art
Steven,Stewart,steven.henry.stewart6@gmail.com,Beauty,Procurement
Danielle,Nelson,daniellerenee@hotmail.com,Automotive,Plastics
Thomas,Rogers,thomas_alan_rogers@rocketmail.com,Clothing,Ceramics
David,King,davidmking@outlook.com,Beauty,Recruiting
Brian,Martinez,brianmartinez@rocketmail.com,Health,Luxury Goods
Maria,Williams,mawilliams@outlook.com,Electronics,Semiconductors
Nathan,Hughes,nathan_hughes@yahoo.com,Clothing,Pharmaceuticals
Stephen,Cox,stephen_a_cox@gmail.com,Clothing,Health Care
Rachel,Barnes,rachel.l.barnes58@gmail.com,Clothing,Ceramics
Lauren,Thomas,lauren_ann18@rocketmail.com,Beauty,Jewelry
Sofia,Parker,sofia_parker@gmail.com,Activity,Leisure
Henry,Cox,henry_j43@rocketmail.com,Clothing,Industrial Automation
Charles,White,c.white39@live.com,Health,Recreational Facilities
Chelsea,Johnson,c.johnson@aol.com,Health,Computer Engineering
Melissa,Miller,melissamiller@aol.com,Pets,E-Learning
Jose,Bryant,j_a_bryant43@rocketmail.com,Entertainment,Performing Arts
Kimberly,Johnson,kimberly@outlook.com,Pets,Chemicals
Grace,Kelly,g.kelly@yahoo.com,Entertainment,Internet
Laura,Lewis,laura_s19@outlook.com,Entertainment,Fitness
Erin,Brown,e_brown@rocketmail.com,Electronics,Machinery
Charles,Rogers,charles_rogers@yahoo.com,Beauty,Movie Production
Michelle,Brooks,mjbrooks@hotmail.com,Activity,Telecommunications
Rachel,Perry,rachel.m.perry97@ymail.com,Clothing,Management Consulting
Sebastian,Davis,sdavis@rocketmail.com,Entertainment,Apparel
Maria,Peterson,m_peterson@gmail.com,Home,Mortgages
Sofia,Perry,sperry@gmail.com,Activity,Translation
Abigail,Young,abigail_jane@live.com,Automotive,Health Care
Tiffany,Cox,tiffany_m_cox64@aol.com,Health,E-Learning
Jose,Garcia,ja@gmail.com,Entertainment,Computer Software
Heather,Sanchez,heathersue@gmail.com,Home,Packaging
Alyssa,Washington,alyssa_m_washington@outlook.com,Entertainment,Music
Layla,Collins,l_m_collins91@rocketmail.com,Entertainment,Packaging
Jack,Turner,jturner@rocketmail.com,Activity,Warehousing
Christina,Foster,christina_jane_foster58@live.com,Home,Marketing
Heather,Bennett,hmbennett@aol.com,Home,Architecture
Rebecca,Perez,rebeccaiperez@live.com,Health,Packaging
Sofia,Moore,s_moore@yahoo.com,Electronics,Legal Services
Sofia,Green,sofia.green@ymail.com,Automotive,Medical Equipment
Alexander,Griffin,alexanderrichardgriffin@aol.com,Beauty,Facilities Services
Isabella,Peterson,isabellajanepeterson@gmail.com,Health,Utilities
Jessica,James,jessica.elizabeth.james@hotmail.com,Entertainment,Hospitality
Ashley,King,a.king49@gmail.com,Pets,Crafts
Laura,Johnson,lrjohnson29@rocketmail.com,Activity,Concrete
Olivia,Russell,olrussell@aol.com,Beauty,Energy
Chelsea,Lopez,chelsea_ruth@live.com,Activity,Biotechnology
Zachary,Thomas,z_thomas@outlook.com,Beauty,Insurance
Rebecca,Mitchell,rebecca_mitchell@live.com,Beauty,Information Services
Owen,Wood,owenalexander@outlook.com,Home,Computer Hardware
Gabriel,Walker,g_w_walker@ymail.com,Home,Fitness
Abigail,Miller,amiller@rocketmail.com,Activity,Education
Aaron,Carter,aaron.carter@ymail.com,Health,E-Learning
Samuel,Cooper,s.a.cooper24@hotmail.com,Home,International Trade
Laura,Morris,laura.l@live.com,Home,Building Materials
Courtney,Walker,cwalker@gmail.com,Entertainment,Paper Products
John,Walker,john.walker@rocketmail.com,Home,Chemicals
Chelsea,Cooper,chelsea_cooper8@live.com,Home,Marketing
Jason,Stewart,jasonandrewstewart@live.com,Entertainment,Film
Courtney,Diaz,c_f_diaz@rocketmail.com,Clothing,Dairy
Rachel,Brooks,rachel.r.brooks@gmail.com,Entertainment,Sports
Jason,Griffin,j.m.griffin@gmail.com,Activity,Motion Pictures
Richard,Walker,richard_joseph_walker4@gmail.com,Home,Semiconductors
Isaac,Rivera,isaac_rivera@rocketmail.com,Entertainment,Gambling
Henry,Cox,h.a@rocketmail.com,Clothing,Consumer Services
Isaac,Edwards,isaac_edwards@aol.com,Pets,Entertainment
Sean,Bennett,sean_bennett@yahoo.com,Beauty,Space
Claire,Torres,claire_torres@aol.com,Activity,Facilities Services
Patrick,Perez,patrick_michael74@yahoo.com,Home,Art
Sean,Williams,seanwilliams@outlook.com,Clothing,Insurance
Melissa,Evans,m_evans@gmail.com,Health,Procurement
Lauren,Rodriguez,lrodriguez@live.com,Home,Music
Amanda,Howard,amandahoward34@rocketmail.com,Activity,Consumer Goods
Brianna,Gray,b.l.gray86@hotmail.com,Activity,Shipbuilding
Samuel,James,samueljames@hotmail.com,Activity,Publishing
Amelia,Turner,aturner39@hotmail.com,Pets,Fitness
Dylan,Campbell,dylancampbell@gmail.com,Activity,Jewelry
Tiffany,Jones,tiffanymichellejones45@ymail.com,Home,Network Security
Nathan,Brooks,nathan.brooks@hotmail.com,Beauty,Containers
Hannah,Peterson,hannahipeterson@ymail.com,Activity,Computer Hardware
Tyler,Rivera,tyler.wayne.rivera@aol.com,Pets,Security
Theodore,Sanders,t.w.sanders@aol.com,Health,Consumer Electronics
Brian,Miller,brian@live.com,Automotive,Leisure
Nathan,Howard,n_howard@live.com,Activity,Music
Brianna,Garcia,bngarcia@ymail.com,Entertainment,Fishery
Kevin,Ward,k.ward@yahoo.com,Entertainment,Fashion
Amber,Diaz,amberm@yahoo.com,Electronics,Banking
Joshua,Perez,jperez@ymail.com,Activity,Media Production
John,Perez,jperez@gmail.com,Activity,Translation
Benjamin,Washington,benjamin@outlook.com,Beauty,Motion Pictures
Victoria,Washington,victoriarwashington@gmail.com,Home,Network Security
Ashley,Ward,ashleysueward@hotmail.com,Home,Luxury Goods
Kimberly,Williams,kimberlymariewilliams@ymail.com,Clothing,Crafts
Sean,Martinez,sean.s.martinez@hotmail.com,Pets,Film
Matthew,Hall,m.j.hall81@rocketmail.com,Clothing,Furniture
Nicole,Simmons,n.m@hotmail.com,Entertainment,International Development
Ashley,Cooper,a_cooper@outlook.com,Home,E-Learning
Grace,Davis,g.m.davis@aol.com,Health,Marketing
Nicole,Rodriguez,n.k.rodriguez@outlook.com,Automotive,Food Production
Kayla,Hernandez,khernandez@gmail.com,Activity,Aerospace
Elizabeth,Taylor,elizabeth.kay.taylor@aol.com,Activity,Private Equity
Alyssa,Torres,alyssa_l_torres37@gmail.com,Activity,Services
Ava,Flores,arflores@aol.com,Health,Consumer Electronics
Hannah,Sanders,hsanders@gmail.com,Entertainment,Aviation
Andrew,Johnson,ajohnson@ymail.com,Home,Banking
Brianna,Watson,briannareneewatson63@aol.com,Activity,Ceramics
Justin,Washington,justin.thomas@rocketmail.com,Home,Architecture
Jonathan,Smith,jrsmith68@rocketmail.com,Entertainment,Fitness
Joshua,Garcia,j_garcia@yahoo.com,Clothing,Furniture
Eric,Cox,eric_r_cox@outlook.com,Entertainment,Private Equity
Mateo,Flores,mateo_w_flores@hotmail.com,Home,Warehousing
Jasmine,Harris,jasmineharris@live.com,Beauty,Energy
Abigail,Smith,abigail_smith@ymail.com,Activity,Publishing
Courtney,Russell,courtney.russell96@yahoo.com,Entertainment,Transportation
Jasmine,Hughes,jasmine.hughes53@yahoo.com,Entertainment,Space
Amelia,Mitchell,a.m.mitchell@outlook.com,Entertainment,Information Technology
Sarah,Robinson,sarah_robinson@ymail.com,Entertainment,Journalism
Theodore,Lewis,theodore_lewis57@ymail.com,Home,Information Services
Mary,Cooper,m.r.cooper@aol.com,Beauty,Maritime
Audrey,Henderson,a_j_henderson@aol.com,Clothing,E-Learning
William,Ross,wross@ymail.com,Activity,Aviation
Mateo,Edwards,medwards@outlook.com,Entertainment,Semiconductors
Samantha,Murphy,s.murphy82@aol.com,Entertainment,Architecture
Emily,Powell,e.powell@aol.com,Activity,Facilities Services
Ashley,Anderson,ashleydawnanderson@live.com,Health,Apparel
Aubrey,Adams,a_adams@ymail.com,Automotive,Veterinary
Emily,Reed,e_reed58@yahoo.com,Clothing,Computer Networking
Eleanor,Perez,e.d.perez@outlook.com,Electronics,Energy
Christopher,Evans,cevans64@aol.com,Activity,Ceramics
Adam,Edwards,a_edwards@gmail.com,Pets,Business Supplies
Isabella,King,isabellamking@aol.com,Entertainment,Writing
Aaron,Richardson,aaronrichardson@yahoo.com,Clothing,Industrial Engineering
Jessica,Murphy,jessicajmurphy@gmail.com,Home,Logistics
Tiffany,Sanders,t.m.sanders@outlook.com,Automotive,Environmental Services
Jessica,Barnes,jessica.r.barnes@hotmail.com,Home,Metals
Layla,James,l.d.james@rocketmail.com,Entertainment,Computer Software
Sarah,Bryant,sarah_sue@rocketmail.com,Activity,Leisure
Aaron,Hughes,aehughes@rocketmail.com,Automotive,Publishing
Charles,Ward,c.ward@yahoo.com,Beauty,Education
Dylan,Clark,dclark@outlook.com,Beauty,Financial Services
Kyle,Allen,k_allen@outlook.com,Clothing,Writing
Nicole,Foster,n_foster59@hotmail.com,Clothing,Packaging
Andrew,Thomas,a_e_thomas79@live.com,Beauty,Glass
Audrey,Young,audrey.michelle.young@outlook.com,Clothing,Farming
Maria,Scott,maria_scott@ymail.com,Clothing,Freight Delivery
Thomas,Coleman,ta@live.com,Automotive,Translation
Joshua,Stewart,joshuastewart@yahoo.com,Automotive,Real Estate
Aiden,Jenkins,aiden.jenkins@hotmail.com,Electronics,Computer Hardware
Jeremy,Miller,j_miller@ymail.com,Clothing,Aerospace
Elizabeth,Garcia,elizabeth.e.garcia@gmail.com,Clothing,Network Security
Joshua,Lopez,j.r.lopez@outlook.com,Beauty,Defense
Aubrey,Mitchell,aubrey_m@outlook.com,Pets,Food
Hannah,Robinson,h_j_robinson12@yahoo.com,Electronics,Pharmaceuticals
Eric,Bell,e_j_bell@ymail.com,Activity,Entertainment
Haley,Carter,h_m23@outlook.com,Activity,Aerospace
Eric,Watson,eric_wayne32@gmail.com,Health,Computer Engineering
Joseph,Evans,j.r.evans@aol.com,Activity,Freight Delivery
Victoria,Watson,vwatson@rocketmail.com,Activity,Utilities
Alexander,Bennett,alexander_bennett@ymail.com,Beauty,Construction
Alexander,Russell,alexanderrichardrussell@yahoo.com,Clothing,Insurance
Alexander,Brooks,a_a_brooks@outlook.com,Home,Entertainment
Aubrey,Hall,a.r56@hotmail.com,Activity,Environmental Services
Brittany,Edwards,brittany_m_edwards71@live.com,Home,Design
Justin,Martinez,justin.martinez@yahoo.com,Beauty,Fitness
Amelia,Hayes,ameliajanehayes@gmail.com,Clothing,Education
Dylan,Bryant,dbryant@hotmail.com,Entertainment,Fitness
Maria,Stewart,mariastewart@outlook.com,Home,Public Relations
Steven,Bell,s_bell@live.com,Activity,Performing Arts
Amelia,Jenkins,ajenkins@gmail.com,Entertainment,Writing
Kelsey,Cooper,kelsey.ruth@ymail.com,Clothing,Computer Hardware
William,Torres,w_d_torres@rocketmail.com,Home,Retail
Alexis,Garcia,a_m_garcia@aol.com,Beauty,Wireless
Jason,Adams,j.e.adams74@live.com,Beauty,Public Relations
Evelyn,Peterson,evelyn.m.peterson@live.com,Beauty,Mortgages
Jack,Flores,jack.flores@aol.com,Electronics,Wireless
Ethan,Edwards,ethan_richard_edwards60@yahoo.com,Health,Medical Equipment
Jason,Anderson,jason_s_anderson@gmail.com,Entertainment,E-Learning
Steven,Sanchez,s.sanchez75@live.com,Entertainment,Motion Pictures
Richard,Davis,rj@rocketmail.com,Clothing,Management Consulting
Sophia,Rogers,sophia_a_rogers@hotmail.com,Entertainment,Writing
Jack,Rodriguez,jackrodriguez@hotmail.com,Entertainment,Wholesale
Layla,Alexander,laylaalexander@live.com,Clothing,Energy
Kimberly,Sanders,k_sanders@live.com,Home,Advertising
Sofia,Powell,spowell@yahoo.com,Electronics,Architecture
Layla,Robinson,layla_a_robinson@rocketmail.com,Pets,Management Consulting
John,Anderson,john.c.anderson@outlook.com,Electronics,Legal Services
Isaac,Brooks,isaac.brooks@gmail.com,Clothing,Business Equipment
Ava,Miller,ava_ruth_miller@rocketmail.com,Automotive,Insurance
Michael,Butler,michael_d_butler@hotmail.com,Electronics,Plastics
Michael,Peterson,m.d@outlook.com,Health,Industrial Automation
Joshua,Clark,jmclark@yahoo.com,Entertainment,Fitness
Richard,Hill,r_hill@hotmail.com,Health,Media Production
Matthew,Garcia,m.garcia@gmail.com,Health,Gambling
Amber,Simmons,amber_simmons@yahoo.com,Pets,Electrical Manufacturing
Jennifer,Rodriguez,j_rodriguez@aol.com,Health,Sales
Jason,Richardson,j_w_richardson@aol.com,Activity,Building Materials
Kelsey,Flores,kelseymarieflores@outlook.com,Pets,Publishing
Charlotte,Green,cgreen56@yahoo.com,Clothing,Events Services
Benjamin,Ramirez,benjamin.ramirez@outlook.com,Activity,Building Materials
Katherine,Russell,katherine_russell@yahoo.com,Health,Film
Brianna,Morgan,b.l.morgan@hotmail.com,Health,Events Services
Danielle,Ramirez,dramirez@rocketmail.com,Home,Glass
Anthony,Barnes,anthony_barnes@live.com,Automotive,Wine
Nicole,Rodriguez,nicolerodriguez@live.com,Clothing,Publishing
Matthew,Campbell,m_campbell@rocketmail.com,Automotive,Logistics
Mary,Nelson,m.l@yahoo.com,Activity,Real Estate
Justin,Howard,justin_l36@hotmail.com,Clothing,Accounting
Stephanie,King,stephanie_k_king@live.com,Health,Electrical Manufacturing
Anna,Gonzales,a_n_gonzales@live.com,Pets,Animation
Samuel,Smith,ssmith@rocketmail.com,Electronics,Logistics
Amelia,Jones,amelia_jones@rocketmail.com,Health,Graphic Design
Kimberly,Ward,k_r_ward@yahoo.com,Beauty,Network Security
Hannah,Cooper,hkcooper@gmail.com,Pets,Defense
Alexander,Rivera,alexander_rivera88@aol.com,Home,Legal Services
Sofia,Jackson,sofia_k_jackson4@live.com,Pets,Metals
Emily,Gonzales,emily.renee@rocketmail.com,Beauty,Industrial Automation
Kevin,Barnes,kevin.a.barnes55@ymail.com,Home,Recreational Facilities
Alexander,Ross,alexander.andrew.ross@aol.com,Activity,Recruiting
Sofia,Mitchell,sofia_a_mitchell@yahoo.com,Health,Consumer Goods
Dylan,Rivera,dfrivera@hotmail.com,Clothing,Health Care
Melissa,Clark,m.clark90@aol.com,Health,Food Production
Katherine,Henderson,katherine_henderson@gmail.com,Automotive,Business Supplies
Stephen,Hall,s.e@hotmail.com,Clothing,Computer Networking
Maria,Morgan,mmorgan@live.com,Automotive,Travel
Joseph,Kelly,j.e.kelly@aol.com,Home,Business Supplies
Gabriel,Bryant,gabriel_bryant@hotmail.com,Entertainment,Paper Products
Samuel,Wood,s.wood@rocketmail.com,Activity,Public Relations
Christopher,Jackson,christopherfjackson@live.com,Activity,Warehousing
Joshua,Kelly,j_t_kelly@ymail.com,Clothing,Metals
Jose,Campbell,josescottcampbell@ymail.com,Home,Travel
Patrick,Gray,p_e_gray@aol.com,Clothing,Translation
Katherine,King,k.m@yahoo.com,Beauty,Publishing
Stephanie,Lopez,s_m_lopez@rocketmail.com,Activity,Printing
Mateo,Wood,m_a_wood@ymail.com,Activity,Packaging
Jonathan,Coleman,jonathan.coleman@yahoo.com,Electronics,Building Materials
Samantha,Evans,samantha.evans54@live.com,Activity,Industrial Automation
Laura,Torres,laura.torres@gmail.com,Home,Recreational Facilities
Jessica,Bennett,j.bennett@gmail.com,Beauty,Journalism
Rebecca,Davis,rdavis@aol.com,Activity,Media Production
Alyssa,Collins,alyssa_m_collins@rocketmail.com,Home,Insurance
Samuel,Coleman,samuelalancoleman@live.com,Pets,E-Learning
Michael,Wilson,michaelwilson@hotmail.com,Activity,Entertainment
Stephen,Wood,s.wood@live.com,Electronics,Leisure
Alyssa,Phillips,amphillips@hotmail.com,Home,Mortgages
Sophia,Williams,s.m.williams@hotmail.com,Entertainment,Industrial Engineering
Samuel,Jackson,s_jackson50@gmail.com,Entertainment,Services
William,Carter,w.m.carter23@yahoo.com,Entertainment,Computer Security
Timothy,Taylor,t_a_taylor@aol.com,Entertainment,Publishing
Kaitlyn,Anderson,kaitlyn.renee.anderson94@ymail.com,Electronics,Machinery
Jessica,Baker,j_r28@yahoo.com,Health,Marketing
Theodore,Smith,theodore.r.smith@rocketmail.com,Activity,Graphic Design
Zachary,Davis,zachary_robert_davis@yahoo.com,Home,Wireless
Thomas,Mitchell,t.mitchell@ymail.com,Entertainment,Package Delivery
Rebecca,Griffin,r_l_griffin@live.com,Activity,Management Consulting
Michael,Walker,michaelwalker@rocketmail.com,Activity,Aviation
Austin,Moore,a.moore@aol.com,Home,International Trade
Danielle,Ramirez,drramirez@rocketmail.com,Activity,Motion Pictures
Jason,Rodriguez,jrodriguez@gmail.com,Entertainment,Textiles
Alexis,Moore,a_moore@gmail.com,Automotive,Crafts
Emily,James,emily_i_james@live.com,Activity,Veterinary
Ryan,Watson,ryan.watson27@yahoo.com,Pets,Telecommunications
Charlotte,Perry,charlotte@ymail.com,Home,Pharmaceuticals
Aiden,Reed,aiden_reed@hotmail.com,Automotive,Mechanical Engineering
Alyssa,Foster,a_foster15@hotmail.com,Clothing,Civil Engineering
Kyle,Price,kprice@live.com,Entertainment,Movie Production
James,Richardson,j.richardson@live.com,Home,Computer Games
Ethan,Lopez,ethan@rocketmail.com,Activity,Electrical Manufacturing
Timothy,White,timothy2@yahoo.com,Activity,Semiconductors
Brian,Bailey,bbailey36@ymail.com,Home,Computer Hardware
Jose,Davis,josedavis@aol.com,Activity,Mortgages
Lauren,Johnson,l_j_johnson@rocketmail.com,Home,Fishery
Emily,Peterson,ejpeterson@live.com,Pets,Consumer Electronics
Christina,Morris,christina_a_morris@gmail.com,Activity,Health
Natalie,Robinson,natalie_faith_robinson47@ymail.com,Electronics,Music
Alexander,Robinson,alexander_robinson25@hotmail.com,Activity,Luxury Goods
Rachel,Butler,rachel.butler@live.com,Automotive,Advertising
Tyler,Cook,t_cook@rocketmail.com,Automotive,Computer Security
Kyle,Perry,kyle.perry@ymail.com,Entertainment,Education
Haley,Kelly,h_s_kelly@yahoo.com,Clothing,Cosmetics
Eleanor,Jones,eleanor.m.jones@rocketmail.com,Clothing,Network Security
Tiffany,Stewart,tiffanykstewart@rocketmail.com,Activity,Real Estate
Haley,Robinson,haley.robinson@gmail.com,Home,Consumer Goods
Aiden,Richardson,arichardson@hotmail.com,Home,Apparel
Aubrey,Campbell,aubrey_campbell@live.com,Beauty,Fashion
Anna,Powell,ampowell@gmail.com,Pets,Pharmaceuticals
Alyssa,Perry,alyssa_perry63@live.com,Activity,Construction
Victoria,Collins,v_k_collins@yahoo.com,Home,Sports
Matthew,Clark,matthew.a.clark@live.com,Activity,Industrial Automation
Jonathan,Taylor,j.r@hotmail.com,Activity,Public Relations
Alexandra,Bailey,anbailey@yahoo.com,Home,Paper Products
Zachary,Adams,z_adams@aol.com,Beauty,Textiles
Allison,Perez,a.l.perez@rocketmail.com,Activity,Computer Games
Sebastian,Taylor,sebastian_taylor13@outlook.com,Pets,Veterinary
Amber,Washington,amberwashington@hotmail.com,Activity,Entertainment
Zachary,Davis,zacharydavis@live.com,Clothing,Management Consulting
Isabella,Thomas,isabella_l_thomas@ymail.com,Entertainment,Textiles
Ava,Lee,ava.lee@aol.com,Entertainment,Semiconductors
Victoria,Rogers,vrogers24@yahoo.com,Clothing,Information Services
Charlotte,Bennett,charlotte.l.bennett@yahoo.com,Health,Aviation
Mark,Taylor,m_g@aol.com,Electronics,Medical Equipment
Kimberly,Torres,kimberly_torres@hotmail.com,Beauty,Veterinary
Victoria,Phillips,v.m@ymail.com,Home,Chemicals
Charlotte,Rogers,c.f.rogers@aol.com,Activity,Furniture
Robert,Lee,robertlee@rocketmail.com,Entertainment,Staffing
Laura,Cook,l_l@hotmail.com,Home,Mechanical Engineering
Michael,Henderson,michael_henderson@aol.com,Health,Movie Production
Jeremy,Barnes,jeremybarnes@live.com,Health,Internet
Oliver,Davis,oliverdavis@hotmail.com,Home,Wholesale
Anna,Lee,anna_renee_lee@rocketmail.com,Automotive,Movie Production
Taylor,Long,taylorlong86@yahoo.com,Health,Cosmetics
Amelia,Robinson,an@ymail.com,Health,Furniture
